pasi_rezolutie;timp_rezolutie;cpu_rezolutie;memorie_rezolutie;pasi_dp;timp_dp;cpu_dp;memorie_dp;pasi_dpll;timp_dpll;cpu_dpll;memorie_dpll;rezultat
20821;69,598397;61,171875;2,36;177;0,359311;0,312500;0,76;69;0,049676;0,031250;0,48;SAT
200;5,840386;5,453125;1,78;6;0,348209;0,203125;0,95;2;0,020225;0,015625;0,00;UNSAT
23867;80,810637;67,921875;2,17;187;0,495758;0,453125;0,66;71;0,066598;0,046875;0,50;SAT
27112;85,849172;74,562500;2,88;147;0,552743;0,515625;0,75;73;0,041124;0,031250;0,00;SAT
20743;70,480707;58,578125;2,36;175;0,260347;0,187500;0,66;76;0,040948;0,031250;0,03;SAT
24827;74,681298;64,390625;2,23;185;0,707760;0,562500;0,86;71;0,044757;0,031250;0,00;SAT
24404;81,654730;68,484375;2,09;176;0,610432;0,515625;0,29;76;0,093881;0,046875;0,99;SAT
25683;81,088568;68,843750;3,08;139;0,604379;0,484375;0,30;72;0,047062;0,031250;0,00;SAT
22850;75,016937;63,406250;1,50;173;0,626014;0,531250;0,73;73;0,053241;0,046875;0,91;SAT
23629;76,824969;65,687500;2,46;156;0,674417;0,578125;0,65;72;0,051780;0,046875;0,48;SAT
26939;80,048592;72,031250;1,99;167;0,366219;0,281250;0,60;63;0,036984;0,015625;0,02;SAT
25177;85,892935;75,062500;2,71;155;0,534596;0,515625;0,74;73;0,062497;0,031250;0,61;SAT
200;0,048262;0,015625;1,06;129;0,741273;0,515625;0,00;2;0,009596;0,000000;0,12;UNSAT
27940;81,986988;73,171875;1,76;139;0,480564;0,484375;0,51;66;0,047768;0,046875;0,00;SAT
20218;56,197029;50,906250;0,03;179;0,431421;0,406250;0,68;78;0,045938;0,046875;0,00;SAT
25396;75,012244;68,515625;0,66;165;0,489316;0,421875;0,62;69;0,061829;0,046875;0,07;SAT
25772;74,757178;67,343750;0,45;167;0,510068;0,406250;0,86;67;0,070837;0,062500;0,00;SAT
23353;67,680993;63,390625;0,00;144;0,487532;0,375000;0,61;68;0,047883;0,031250;0,00;SAT
200;2,088277;1,921875;0,00;168;0,520450;0,437500;0,63;2;0,007016;0,000000;0,00;UNSAT
21004;63,072180;56,312500;1,41;146;0,697245;0,609375;0,90;75;0,042531;0,031250;0,00;SAT
23917;70,902998;66,718750;1,13;191;0,608730;0,562500;0,56;75;0,049610;0,046875;0,26;SAT
25034;77,718676;70,812500;0,00;180;0,492963;0,468750;0,90;80;0,051371;0,046875;0,00;SAT
24205;74,596237;67,250000;0,44;159;0,626285;0,562500;0,04;75;0,046215;0,046875;0,11;SAT
21558;63,291839;57,500000;0,59;121;0,817724;0,687500;0,78;71;0,040595;0,046875;0,02;SAT
200;17,973890;16,890625;0,05;170;0,604771;0,515625;1,03;2;0,006845;0,000000;0,00;UNSAT
22993;69,968309;62,687500;0,00;176;0,604183;0,546875;0,49;76;0,043330;0,046875;0,20;SAT
26248;78,170593;71,328125;0,00;159;0,711299;0,687500;0,33;74;0,046942;0,015625;0,56;SAT
200;6,688765;5,796875;1,07;187;0,448925;0,421875;0,80;2;0,002882;0,000000;0,51;UNSAT
20614;53,432907;49,140625;0,00;185;0,912379;0,859375;0,31;75;0,061514;0,062500;0,86;SAT
25501;72,625103;66,781250;1,53;183;0,410682;0,421875;0,30;65;0,048891;0,031250;0,00;SAT
22974;71,351420;67,390625;0,43;163;0,545217;0,406250;0,65;74;0,066804;0,046875;0,00;SAT
200;0,915808;0,828125;0,00;168;0,478906;0,484375;0,82;2;0,035344;0,000000;0,52;UNSAT
200;5,606408;5,046875;0,00;155;0,586707;0,546875;0,54;2;0,004101;0,015625;0,43;UNSAT
24780;76,040432;71,703125;0,00;169;0,594059;0,453125;1,09;68;0,045106;0,046875;0,00;SAT
200;0,772097;0,640625;0,00;174;0,563513;0,546875;0,61;2;0,004596;0,015625;0,26;UNSAT
23289;69,776025;66,125000;0,00;180;0,671630;0,531250;0,54;75;0,059712;0,062500;0,00;SAT
200;49,263163;46,796875;0,00;185;0,479613;0,406250;0,71;2;0,007993;0,015625;0,50;UNSAT
200;48,939119;46,812500;0,02;157;0,448399;0,406250;0,04;2;0,004745;0,000000;0,45;UNSAT
25986;80,503754;75,000000;0,00;158;0,626652;0,593750;0,84;68;0,042939;0,046875;0,35;SAT
23831;74,729471;69,156250;0,66;163;0,563767;0,484375;0,43;65;0,047980;0,015625;0,16;SAT
200;16,758852;15,984375;0,97;12;0,360634;0,343750;0,88;2;0,018863;0,000000;0,36;UNSAT
25616;75,361099;72,031250;0,92;157;0,600679;0,484375;0,59;68;0,045614;0,046875;0,00;SAT
200;1,214146;1,046875;0,00;188;0,466584;0,453125;0,18;2;0,003273;0,000000;0,43;UNSAT
22218;63,072060;60,515625;0,00;151;0,676896;0,562500;0,00;71;0,042567;0,046875;0,04;SAT
200;0,492812;0,453125;0,00;3;0,121529;0,093750;0,86;2;0,003374;0,000000;0,51;UNSAT
200;1,740824;1,640625;0,00;3;0,112772;0,109375;0,23;2;0,008572;0,000000;0,49;UNSAT
25771;82,136272;74,609375;0,27;158;1,527997;1,406250;0,00;72;0,108453;0,109375;0,69;SAT
22156;68,085599;61,453125;0,00;174;0,712966;0,546875;0,93;75;0,049086;0,046875;0,00;SAT
200;0,401082;0,343750;0,01;182;0,463111;0,359375;0,11;2;0,010906;0,000000;0,56;UNSAT
21760;72,274405;66,296875;0,00;157;1,480799;1,281250;0,68;75;0,112606;0,109375;0,00;SAT
23757;87,588775;79,546875;0,00;186;1,621441;1,484375;0,45;76;0,135229;0,125000;0,00;SAT
21714;72,774780;64,859375;0,00;153;1,553227;1,390625;0,00;65;0,105395;0,093750;0,46;SAT
21777;73,488356;65,531250;1,56;159;1,568508;1,546875;0,62;67;0,112920;0,093750;0,14;SAT
23306;79,901202;71,625000;0,00;181;1,726311;1,500000;0,36;65;0,117305;0,109375;0,19;SAT
200;2,705529;2,359375;0,00;161;0,635272;0,531250;0,91;2;0,005983;0,000000;0,30;UNSAT
23981;87,223794;79,703125;0,84;163;2,295140;2,140625;0,33;73;0,115021;0,125000;0,27;SAT
200;1,197337;1,031250;0,00;142;0,398649;0,390625;0,82;2;0,005311;0,000000;0,50;UNSAT
23430;94,345048;85,359375;0,00;161;1,430232;1,187500;0,02;72;0,118419;0,093750;0,00;SAT
23712;95,801584;88,500000;0,00;180;2,269763;2,015625;0,92;69;0,112637;0,062500;0,09;SAT
22989;90,862242;82,281250;0,00;157;2,162657;1,765625;0,37;77;0,137666;0,109375;0,66;SAT
200;9,780550;7,703125;0,00;178;0,681579;0,593750;0,85;2;0,023990;0,000000;0,00;UNSAT
200;6,612266;5,718750;0,00;156;0,446738;0,406250;0,66;2;0,004805;0,000000;0,62;UNSAT
200;3,940248;3,359375;0,96;128;0,492193;0,453125;0,35;2;0,008357;0,000000;0,36;UNSAT
23218;99,238927;92,578125;0,00;172;1,670665;1,531250;0,41;67;0,115382;0,109375;0,03;SAT
27324;116,621322;107,218750;0,00;147;1,626930;1,328125;0,45;74;0,139589;0,109375;0,00;SAT
21719;97,615182;90,234375;0,00;163;1,965767;1,890625;0,56;69;0,109515;0,078125;0,16;SAT
22880;103,903364;96,359375;0,00;169;1,775723;1,609375;0,73;77;0,127004;0,078125;0,00;SAT
24226;108,021265;101,281250;0,00;177;1,681538;1,375000;0,59;72;0,138024;0,125000;0,56;SAT
200;35,828010;32,359375;0,00;168;1,448156;1,187500;1,09;2;0,013700;0,000000;0,20;UNSAT
24083;104,425338;96,593750;0,00;163;1,527768;1,390625;0,57;74;0,115618;0,109375;0,00;SAT
26010;110,306815;102,812500;0,08;159;1,515159;1,437500;0,52;62;0,106995;0,078125;0,41;SAT
200;7,054039;6,406250;0,00;158;1,775761;1,640625;0,45;2;0,014887;0,000000;0,00;UNSAT
25017;105,335328;98,093750;0,00;173;1,925883;1,578125;0,68;68;0,132078;0,125000;0,05;SAT
200;1,211801;1,046875;0,00;161;2,216344;1,875000;0,44;2;0,007716;0,000000;0,25;UNSAT
22327;95,110991;89,250000;0,00;176;1,686715;1,375000;0,69;78;0,121234;0,078125;0,56;SAT
200;3,632278;3,281250;1,39;174;1,765815;1,687500;0,55;2;0,007507;0,000000;0,31;UNSAT
20586;91,503502;85,812500;0,00;131;2,133776;1,890625;0,45;73;0,129463;0,109375;0,70;SAT
200;2,084818;2,015625;0,60;189;1,871329;1,656250;0,40;2;0,017975;0,015625;0,43;UNSAT
200;0,263644;0,218750;0,00;167;2,084512;1,890625;0,02;2;0,009014;0,000000;0,49;UNSAT
24429;109,915345;101,750000;0,00;163;2,068914;1,750000;0,00;69;0,113640;0,078125;0,02;SAT
21750;95,404082;88,875000;0,02;159;1,704427;1,500000;0,18;68;0,131605;0,109375;0,00;SAT
200;46,746161;43,781250;0,00;148;1,882474;1,734375;0,82;2;0,009476;0,000000;0,45;UNSAT
200;16,808716;15,765625;0,00;150;1,209623;1,140625;0,68;2;0,014807;0,000000;0,56;UNSAT
22258;98,959708;91,296875;0,19;175;1,861311;1,500000;0,54;70;0,137563;0,078125;0,00;SAT
23605;107,670240;99,109375;0,00;146;1,653380;1,421875;0,39;63;0,114610;0,109375;0,16;SAT
22407;95,112613;88,281250;1,12;171;2,648433;2,375000;0,47;69;0,107368;0,078125;0,00;SAT
200;8,868571;8,093750;0,00;143;2,203733;1,921875;0,75;2;0,009354;0,000000;0,36;UNSAT
23589;103,373322;96,031250;0,00;171;1,531311;1,281250;0,41;74;0,156402;0,140625;0,61;SAT
21071;94,277169;86,421875;0,00;157;2,156945;1,828125;0,72;86;0,146157;0,093750;0,08;SAT
23695;107,837921;98,718750;0,00;142;2,223224;1,937500;0,33;68;0,112128;0,093750;0,42;SAT
25040;110,610374;101,890625;0,00;159;1,433362;1,328125;0,55;66;0,131214;0,109375;0,32;SAT
200;3,312612;2,828125;0,00;142;2,297860;1,953125;0,19;2;0,009831;0,015625;0,56;UNSAT
25129;109,459761;102,328125;0,19;171;1,962650;1,718750;0,25;74;0,166046;0,125000;0,70;SAT
22586;94,225875;88,015625;0,04;151;1,687306;1,484375;0,00;70;0,122324;0,093750;0,62;SAT
21945;97,079948;89,859375;0,00;184;1,525339;1,468750;0,77;71;0,120766;0,109375;0,04;SAT
23715;111,436326;101,859375;0,00;177;1,690096;1,359375;0,38;84;0,138551;0,140625;0,21;SAT
25668;113,230067;103,953125;0,00;153;1,788470;1,734375;0,55;66;0,105350;0,109375;0,49;SAT
200;15,917201;14,500000;0,00;5;0,661561;0,640625;0,98;2;0,011010;0,000000;0,18;UNSAT
24222;107,161458;99,234375;0,00;169;1,680543;1,546875;0,41;74;0,128726;0,093750;0,27;SAT
24789;108,973986;99,625000;0,00;181;1,602896;1,515625;0,76;66;0,103078;0,078125;0,97;SAT
27683;122,700778;110,875000;0,00;134;2,533745;2,234375;1,65;69;0,099694;0,093750;0,00;SAT
23111;100,659738;93,187500;0,00;163;1,728966;1,484375;0,61;68;0,124633;0,093750;0,62;SAT
22218;100,244854;90,984375;0,00;191;2,648382;2,234375;0,61;75;0,140956;0,125000;0,44;SAT
23458;105,675177;96,218750;0,00;150;2,129477;2,000000;0,00;67;0,136669;0,109375;0,90;SAT
25075;113,508213;104,265625;0,00;156;1,941104;1,843750;0,25;73;0,123955;0,078125;0,23;SAT
24626;110,548925;100,687500;0,00;184;1,987616;1,875000;0,33;78;0,114070;0,109375;0,10;SAT
21700;100,944052;90,828125;0,00;150;1,319666;1,203125;0,24;71;0,095067;0,093750;0,27;SAT
21409;96,430139;88,343750;0,00;174;2,620442;2,421875;0,06;71;0,094929;0,078125;0,56;SAT
23441;100,505806;92,343750;0,00;188;1,835458;1,640625;0,30;68;0,097722;0,093750;0,42;SAT
19604;81,917736;76,031250;0,00;150;2,112824;1,968750;0,62;79;0,124358;0,093750;0,14;SAT
22306;92,019493;86,171875;0,00;142;1,857867;1,515625;0,63;70;0,135118;0,093750;0,11;SAT
200;58,208436;54,921875;0,00;178;1,212126;1,093750;1,12;2;0,010499;0,015625;0,24;UNSAT
200;61,825060;56,812500;0,00;169;1,637276;1,515625;0,74;2;0,009756;0,015625;0,31;UNSAT
22079;96,690717;90,937500;0,00;177;1,869102;1,718750;0,54;82;0,147653;0,109375;0,26;SAT
27478;119,899701;111,171875;1,08;165;1,426510;1,343750;0,93;66;0,118636;0,125000;0,00;SAT
22312;96,975453;88,281250;0,00;180;2,891540;2,375000;0,24;78;0,149010;0,109375;0,62;SAT
22778;102,426333;93,921875;0,00;180;2,312053;2,109375;0,73;73;0,097370;0,078125;0,00;SAT
27667;123,914656;113,203125;0,00;136;1,687439;1,562500;1,08;63;0,122075;0,109375;0,11;SAT
200;75,222292;71,203125;0,00;169;2,325289;1,890625;0,52;2;0,015764;0,015625;0,45;UNSAT
25343;109,568899;101,890625;0,00;125;2,074625;1,687500;0,52;77;0,140608;0,125000;0,32;SAT
21781;95,023485;87,468750;0,00;170;2,322823;1,953125;0,70;79;0,139694;0,125000;0,50;SAT
25321;105,650893;97,890625;0,00;166;1,728401;1,437500;0,42;72;0,146636;0,140625;0,12;SAT
24034;107,419918;98,265625;1,09;168;1,915946;1,812500;0,20;68;0,131249;0,125000;0,43;SAT
24477;111,070020;101,234375;0,00;177;1,895599;1,843750;0,48;71;0,114234;0,109375;0,18;SAT
22938;101,831511;94,171875;0,00;167;1,715712;1,593750;0,35;67;0,113545;0,093750;0,63;SAT
23523;102,016194;93,515625;0,00;167;1,927921;1,828125;0,46;74;0,119620;0,078125;0,30;SAT
25495;110,797353;102,703125;0,00;171;1,665940;1,421875;0,10;71;0,138555;0,125000;0,00;SAT
200;3,830898;3,656250;0,00;146;1,814588;1,640625;1,32;2;0,007025;0,000000;0,15;UNSAT
20051;84,120571;78,265625;0,00;161;2,057176;1,875000;0,39;76;0,093758;0,078125;0,91;SAT
200;3,580873;3,390625;0,00;172;1,910011;1,593750;0,22;2;0,010087;0,015625;0,53;UNSAT
200;9,403012;7,828125;0,00;179;1,958153;1,781250;1,55;2;0,014086;0,015625;0,00;UNSAT
200;27,569391;24,890625;0,00;152;2,719085;2,562500;0,00;2;0,009399;0,015625;0,43;UNSAT
24985;108,585119;102,125000;0,00;183;1,566323;1,421875;0,30;71;0,103826;0,109375;0,64;SAT
23326;105,709462;99,156250;0,00;122;2,263489;2,156250;0,06;77;0,149853;0,109375;5,29;SAT
22849;98,350680;92,468750;0,00;143;2,054908;1,640625;0,59;74;0,113884;0,125000;0,32;SAT
200;5,178807;4,875000;0,00;153;1,114044;1,062500;0,54;2;0,014300;0,015625;0,28;UNSAT
24769;110,069193;102,375000;0,45;180;2,502591;2,156250;0,26;68;0,149758;0,125000;0,65;SAT
200;6,142703;5,796875;0,00;185;1,674072;1,546875;0,95;2;0,009230;0,000000;0,07;UNSAT
21902;94,854438;90,140625;0,60;160;1,109495;0,968750;0,61;76;0,120293;0,109375;4,49;SAT
23847;102,869890;96,828125;0,00;181;1,983055;1,687500;0,00;72;0,138216;0,125000;0,79;SAT
200;3,266495;3,015625;0,07;177;1,602167;1,328125;0,00;2;0,008627;0,015625;0,44;UNSAT
24028;108,576620;101,484375;0,00;171;2,251121;1,750000;1,25;64;0,138741;0,093750;3,47;SAT
26111;111,281644;103,234375;0,00;173;1,592276;1,453125;0,86;67;0,138391;0,093750;4,64;SAT
200;4,865239;4,734375;0,00;155;1,647588;1,453125;0,62;2;0,008140;0,015625;0,52;UNSAT
22565;101,276610;94,468750;0,00;157;1,418247;1,390625;0,32;78;0,118340;0,109375;0,67;SAT
21442;96,833626;88,421875;0,05;134;2,122245;2,109375;0,09;70;0,130533;0,125000;0,89;SAT
22022;99,816517;91,453125;0,00;185;1,445619;1,265625;0,09;80;0,134607;0,109375;0,68;SAT
23372;104,031025;95,515625;0,00;168;1,677871;1,515625;0,43;72;0,128712;0,125000;5,54;SAT
200;57,996292;53,593750;0,00;2;0,240360;0,218750;0,47;2;0,013740;0,000000;0,50;UNSAT
200;45,515414;41,328125;0,00;11;1,266235;1,187500;0,89;2;0,013746;0,000000;0,20;UNSAT
200;0,184837;0,171875;0,00;13;1,503101;1,312500;1,11;2;0,008166;0,000000;0,04;UNSAT
25919;108,948057;101,234375;0,00;149;2,014100;1,828125;1,21;66;0,156277;0,125000;0,00;SAT
24526;105,596671;96,750000;0,34;177;1,801524;1,578125;0,41;76;0,124588;0,109375;0,00;SAT
24476;108,705815;100,031250;0,00;155;1,992632;1,765625;0,80;67;0,124805;0,093750;0,00;SAT
27741;121,648050;112,546875;0,00;184;1,351334;1,265625;0,97;71;0,115874;0,093750;0,01;SAT
200;1,642651;1,421875;0,00;6;0,681102;0,671875;0,84;2;0,008305;0,015625;0,14;UNSAT
200;62,229283;57,343750;0,00;162;1,740933;1,546875;0,40;2;0,009918;0,000000;0,14;UNSAT
25055;110,219891;101,734375;0,00;175;1,800230;1,640625;1,28;65;0,112391;0,093750;0,00;SAT
200;0,158117;0,093750;0,00;125;2,607990;2,265625;0,10;2;0,009262;0,015625;0,50;UNSAT
200;17,566222;15,859375;0,49;4;0,481838;0,421875;0,72;2;0,008664;0,015625;0,33;UNSAT
200;17,662526;15,937500;0,00;158;1,903694;1,765625;0,94;2;0,008487;0,000000;0,01;UNSAT
25841;110,282963;104,921875;0,00;120;1,634243;1,406250;1,06;70;0,132735;0,078125;0,00;SAT
24086;106,310463;100,171875;0,75;139;2,466493;2,125000;0,00;74;0,125921;0,109375;4,53;SAT
200;0,691483;0,687500;0,00;184;1,740406;1,531250;1,10;2;0,005991;0,000000;0,07;UNSAT
200;0,167225;0,156250;0,00;4;0,514291;0,500000;0,16;2;0,010594;0,000000;0,14;UNSAT
200;0,487776;0,437500;0,00;169;1,988634;1,781250;0,47;2;0,008008;0,000000;0,26;UNSAT
25158;110,184970;104,125000;0,00;141;1,911832;1,640625;0,00;63;0,140053;0,093750;0,19;SAT
23114;103,630195;97,312500;0,00;170;1,723045;1,578125;0,38;76;0,142546;0,093750;0,34;SAT
23642;101,715044;96,625000;0,00;175;1,739290;1,359375;0,00;65;0,134793;0,109375;4,25;SAT
21601;95,946042;89,203125;0,00;176;2,312393;1,984375;1,67;76;0,141038;0,140625;4,83;SAT
26668;112,215209;106,515625;0,00;153;1,779697;1,546875;0,00;62;0,128887;0,125000;0,00;SAT
25747;113,478326;106,421875;0,00;189;2,287330;2,000000;0,17;66;0,133806;0,125000;4,39;SAT
23379;102,234862;94,921875;0,00;180;1,719739;1,625000;1,53;68;0,106370;0,078125;3,79;SAT
23636;104,691565;97,437500;0,00;186;1,963547;1,453125;1,22;75;0,163586;0,109375;4,52;SAT
24157;107,733998;99,250000;0,00;126;1,971613;1,796875;1,61;64;0,144746;0,125000;4,54;SAT
200;2,254221;2,140625;0,00;12;1,411235;1,296875;0,71;2;0,008035;0,015625;0,00;UNSAT
23733;104,589622;96,109375;0,00;148;1,761863;1,531250;0,00;77;0,114003;0,093750;4,91;SAT
200;3,129937;2,687500;0,00;157;2,062369;1,875000;0,29;2;0,011155;0,015625;0,43;UNSAT
200;0,916813;0,812500;0,00;152;1,862735;1,750000;0,41;2;0,014474;0,000000;0,41;UNSAT
25047;106,325873;97,203125;0,00;144;1,801901;1,578125;0,56;71;0,117748;0,093750;4,73;SAT
23486;104,092649;94,968750;0,00;169;1,282432;1,203125;0,91;70;0,112712;0,093750;4,45;SAT
200;39,498816;35,843750;0,00;175;2,174442;1,906250;1,69;2;0,016618;0,000000;0,04;UNSAT
27079;115,014316;103,968750;0,00;154;2,625506;2,218750;0,74;63;0,138965;0,093750;4,84;SAT
200;7,735876;6,703125;0,00;132;1,574241;1,390625;1,16;2;0,014773;0,015625;0,25;UNSAT
25554;113,640430;102,390625;0,00;177;2,077831;1,671875;1,34;76;0,124488;0,109375;4,54;SAT
21077;92,177063;85,093750;0,00;178;1,245432;1,046875;0,23;72;0,125979;0,109375;0,09;SAT
200;0,970725;0,796875;0,00;8;1,028225;0,796875;0,98;2;0,010255;0,015625;0,20;UNSAT
23770;106,119545;96,359375;0,00;161;1,837167;1,671875;0,00;73;0,109498;0,109375;4,91;SAT
23581;104,432654;94,343750;0,00;168;1,860344;1,703125;1,37;69;0,109867;0,093750;3,55;SAT
22562;95,008176;86,046875;0,00;159;1,518154;1,359375;1,05;76;0,107373;0,093750;4,64;SAT
26538;113,765261;103,171875;0,00;128;1,712519;1,656250;1,60;63;0,126462;0,078125;3,58;SAT
200;11,572747;10,796875;0,00;157;0,997063;0,937500;1,34;2;0,008126;0,000000;0,12;UNSAT
25193;111,254541;100,203125;0,00;158;1,840915;1,531250;0,86;64;0,108836;0,093750;4,41;SAT
25206;113,625053;103,156250;0,00;174;1,827374;1,531250;0,81;64;0,119017;0,093750;4,45;SAT
21719;97,162917;88,218750;0,00;171;1,600830;1,500000;1,12;74;0,118976;0,078125;4,81;SAT
23139;101,775215;93,140625;0,00;152;1,554478;1,546875;1,02;69;0,105366;0,093750;0,00;SAT
23539;107,024411;97,953125;0,00;166;1,843960;1,640625;1,10;70;0,106790;0,093750;5,10;SAT
200;58,597991;54,421875;0,00;146;1,647016;1,484375;0,88;2;0,010456;0,000000;0,11;UNSAT
200;0,071054;0,078125;0,00;178;2,136519;1,671875;0,16;2;0,009752;0,015625;0,00;UNSAT
200;0,083311;0,046875;0,00;10;1,057116;0,875000;0,13;2;0,007614;0,015625;0,20;UNSAT
23138;96,113635;88,984375;0,00;175;1,964255;1,765625;1,35;75;0,129323;0,109375;0,00;SAT
23378;103,001295;94,265625;0,00;171;1,630911;1,562500;0,67;65;0,120223;0,093750;5,18;SAT
24093;106,191515;97,781250;0,00;149;2,172827;1,843750;0,69;70;0,130633;0,125000;5,51;SAT
23942;101,716260;94,890625;0,00;163;1,892832;1,640625;1,13;68;0,124006;0,093750;4,02;SAT
22447;97,693524;90,359375;0,00;180;2,012341;1,703125;1,07;72;0,131387;0,125000;4,43;SAT
21759;90,283081;84,078125;0,00;187;2,426426;2,156250;1,16;73;0,113331;0,109375;4,89;SAT
200;3,150832;2,546875;0,00;3;0,364911;0,296875;0,67;2;0,012203;0,015625;0,19;UNSAT
200;4,071094;3,781250;0,00;4;0,443348;0,328125;0,00;2;0,010910;0,015625;0,27;UNSAT
200;11,795283;11,390625;0,00;2;0,243863;0,203125;0,00;2;0,012924;0,015625;0,44;UNSAT
23476;105,211432;99,093750;0,00;162;1,454403;1,406250;0,79;73;0,125221;0,109375;4,76;SAT
22119;98,762603;92,687500;0,00;173;1,638150;1,500000;1,26;72;0,113707;0,093750;4,38;SAT
200;6,060502;5,281250;0,00;10;1,272543;1,140625;0,41;2;0,015599;0,015625;0,07;UNSAT
24499;105,435785;98,015625;0,00;150;1,934495;1,687500;0,35;77;0,121999;0,109375;5,06;SAT
22092;92,634338;86,906250;0,71;150;2,447590;2,109375;0,00;68;0,140480;0,093750;5,03;SAT
200;22,837721;21,437500;0,25;152;1,607642;1,531250;1,30;2;0,008697;0,015625;0,07;UNSAT
25742;109,997658;103,156250;0,00;142;2,630982;2,203125;1,39;78;0,137757;0,093750;0,00;SAT
23262;102,513044;95,375000;0,00;169;1,434501;1,312500;1,11;77;0,139932;0,109375;0,00;SAT
23953;105,956660;98,562500;0,00;161;1,768121;1,546875;0,78;70;0,139629;0,109375;5,25;SAT
20497;89,509581;82,921875;0,00;158;2,166045;2,015625;0,00;70;0,111193;0,093750;4,11;SAT
21248;90,127952;84,078125;0,00;192;2,298609;2,187500;1,64;70;0,139451;0,093750;4,67;SAT
200;1,024296;0,781250;0,00;180;1,969742;1,718750;0,89;2;0,020706;0,000000;0,01;UNSAT
21950;97,799724;90,843750;0,00;173;2,124827;1,796875;1,39;75;0,144571;0,109375;0,00;SAT
23448;103,964971;95,828125;0,00;181;1,922316;1,515625;1,10;69;0,137603;0,109375;0,00;SAT
200;75,713239;70,250000;0,00;165;1,809762;1,578125;1,39;2;0,010438;0,000000;0,00;UNSAT
200;15,312597;14,187500;0,00;7;0,891483;0,750000;0,62;2;0,020292;0,015625;0,39;UNSAT
200;16,915117;14,609375;0,00;153;2,297239;2,187500;1,82;2;0,010178;0,000000;0,00;UNSAT
23496;104,856630;95,296875;0,00;178;1,860796;1,625000;1,14;70;0,116966;0,093750;4,00;SAT
24321;108,022694;99,281250;0,00;174;1,654225;1,343750;1,00;69;0,135263;0,093750;4,93;SAT
22921;99,025897;91,296875;0,00;147;2,445459;2,265625;0,00;81;0,129929;0,125000;5,46;SAT
21859;98,264994;90,265625;0,00;182;2,462868;2,031250;0,75;76;0,139106;0,062500;4,07;SAT
25180;112,869398;102,875000;0,00;154;2,027238;1,703125;1,14;67;0,123505;0,093750;4,29;SAT
21122;95,070110;86,062500;0,16;161;1,985693;1,640625;1,39;76;0,123410;0,109375;4,86;SAT
24599;110,464343;100,968750;0,00;155;2,051200;1,765625;0,66;77;0,133336;0,109375;5,65;SAT
24919;114,304203;102,656250;0,00;189;1,616872;1,546875;1,10;77;0,113014;0,093750;5,17;SAT
22978;102,674923;93,828125;0,00;185;1,889389;1,625000;0,02;75;0,150095;0,125000;5,05;SAT
22452;96,152439;88,937500;0,00;146;2,545735;2,218750;1,34;74;0,112459;0,109375;3,99;SAT
21161;91,040211;81,765625;0,00;179;1,303767;1,218750;1,07;74;0,107600;0,093750;3,53;SAT
21142;89,390759;83,218750;0,00;172;1,690433;1,515625;1,08;79;0,097984;0,093750;5,00;SAT
200;9,388716;8,703125;0,00;162;2,132550;1,781250;1,35;2;0,013821;0,015625;0,11;UNSAT
200;1,531627;1,406250;0,00;161;2,328470;2,046875;1,98;2;0,008602;0,015625;0,02;UNSAT
200;2,120635;1,843750;0,00;140;1,932230;1,515625;1,01;2;0,012297;0,015625;0,01;UNSAT
21410;95,062823;90,750000;0,00;174;2,432624;2,171875;1,17;81;0,124955;0,109375;4,07;SAT
200;0,244213;0,171875;0,00;186;2,272552;1,937500;0,80;2;0,010702;0,015625;0,00;UNSAT
25187;115,131382;106,406250;0,00;155;1,663084;1,531250;1,12;68;0,109250;0,109375;4,86;SAT
200;0,396762;0,359375;0,00;168;2,007230;1,703125;0,00;2;0,009004;0,015625;0,00;UNSAT
24089;108,283994;102,093750;0,00;176;1,983717;1,656250;0,70;74;0,132143;0,093750;4,27;SAT
21927;100,109949;91,718750;0,00;162;1,819013;1,718750;0,66;72;0,116740;0,109375;0,10;SAT
25947;117,422325;109,296875;0,00;136;2,152300;2,000000;1,53;72;0,127472;0,109375;5,05;SAT
22719;103,202769;95,140625;0,00;188;2,342685;2,125000;1,62;76;0,115298;0,125000;4,03;SAT
25477;115,488814;108,390625;0,00;160;1,328032;1,187500;0,56;70;0,102978;0,078125;4,50;SAT
25208;110,992012;102,843750;0,00;127;1,685111;1,562500;1,28;66;0,085224;0,093750;4,22;SAT
200;1,384948;1,187500;0,00;184;1,788384;1,531250;0,98;2;0,011492;0,015625;0,16;UNSAT
22407;96,409916;90,703125;0,00;181;1,964366;1,750000;0,90;75;0,132852;0,140625;0,26;SAT
25233;109,799972;102,312500;0,00;161;1,769060;1,468750;1,23;68;0,150319;0,109375;5,20;SAT
24119;109,405324;102,265625;0,00;183;1,904326;1,765625;0,80;75;0,154683;0,109375;5,67;SAT
200;9,786182;9,531250;0,00;143;1,908518;1,859375;1,15;2;0,013054;0,015625;0,00;UNSAT
22888;100,704728;94,484375;0,00;133;1,954950;1,703125;0,89;73;0,125431;0,078125;5,09;SAT
200;3,198615;2,812500;0,00;5;0,564336;0,515625;0,81;2;0,016042;0,000000;0,19;UNSAT
200;34,860962;32,765625;0,00;7;0,929247;0,828125;1,04;2;0,009003;0,015625;0,05;UNSAT
200;11,129128;10,453125;0,00;163;1,734213;1,593750;1,16;2;0,008766;0,015625;0,09;UNSAT
20656;84,825542;78,781250;0,00;149;1,800934;1,671875;1,12;72;0,112206;0,078125;3,80;SAT
200;0,106898;0,062500;0,00;181;1,524519;1,359375;0,00;2;0,007054;0,000000;0,00;UNSAT
22475;99,756405;93,078125;0,00;171;1,860998;1,750000;1,27;69;0,107712;0,093750;4,51;SAT
22436;101,216179;93,453125;0,00;151;2,312663;2,125000;1,61;71;0,116684;0,109375;4,79;SAT
200;0,184858;0,156250;0,00;152;1,831869;1,531250;1,28;2;0,010604;0,015625;0,25;UNSAT
23544;103,468161;96,859375;0,00;141;1,674491;1,515625;0,51;75;0,148653;0,109375;4,48;SAT
23300;103,743564;95,984375;0,00;118;1,810540;1,640625;1,46;70;0,157998;0,140625;0,00;SAT
22128;98,480228;91,828125;0,00;132;1,847003;1,734375;1,25;77;0,129902;0,109375;4,63;SAT
200;11,462711;10,343750;0,00;152;1,589639;1,531250;1,02;2;0,010444;0,015625;0,32;UNSAT
24764;108,819577;100,640625;0,00;179;1,639097;1,437500;0,48;69;0,124677;0,109375;3,53;SAT
23605;103,338896;95,312500;0,00;170;1,421861;1,296875;1,11;74;0,130946;0,125000;5,29;SAT
24870;104,988874;97,421875;0,00;176;1,983140;1,937500;1,65;72;0,137763;0,140625;4,09;SAT
23490;103,655582;95,984375;0,77;168;2,064350;2,015625;0,92;75;0,114127;0,109375;3,90;SAT
24120;109,772593;100,687500;0,00;125;1,821601;1,656250;1,15;69;0,137052;0,093750;4,78;SAT
200;2,273289;2,093750;0,00;141;1,374056;1,187500;1,00;2;0,007245;0,000000;0,11;UNSAT
20430;91,659135;86,312500;0,00;191;2,254101;2,015625;1,45;71;0,117532;0,109375;4,37;SAT
23236;103,476616;96,000000;0,00;154;1,857235;1,578125;1,43;75;0,127184;0,125000;3,73;SAT
200;1,133764;1,109375;0,00;6;0,567216;0,546875;0,73;2;0,008955;0,000000;0,25;UNSAT
23684;103,632136;98,859375;0,00;179;1,635478;1,515625;0,67;78;0,119144;0,093750;4,86;SAT
200;9,780460;9,343750;0,00;167;1,697483;1,578125;1,04;2;0,007115;0,015625;0,17;UNSAT
200;1,125041;1,046875;0,00;152;1,993658;1,812500;1,14;2;0,017232;0,015625;0,00;UNSAT
22760;95,303513;90,437500;0,00;180;2,449731;2,125000;0,26;78;0,144376;0,093750;5,30;SAT
200;3,536161;3,203125;0,00;181;1,891116;1,671875;1,12;2;0,013863;0,000000;0,09;UNSAT
27560;122,510962;113,750000;0,00;175;1,682110;1,531250;1,16;67;0,138826;0,093750;4,66;SAT
22990;101,379459;94,671875;0,00;154;2,009179;1,953125;1,03;72;0,106532;0,109375;4,07;SAT
23585;105,620302;98,640625;0,14;176;1,773042;1,625000;0,39;69;0,129854;0,078125;4,20;SAT
26361;113,276249;106,406250;0,00;155;1,473688;1,406250;0,86;72;0,113787;0,078125;4,53;SAT
23297;99,784769;93,656250;0,00;157;2,532439;2,250000;1,62;71;0,135620;0,062500;3,15;SAT
25131;114,192522;105,671875;0,00;157;1,808725;1,593750;0,00;72;0,140162;0,125000;5,36;SAT
24943;111,178374;103,437500;0,00;141;1,843184;1,593750;0,60;69;0,101016;0,093750;4,74;SAT
25802;108,772830;102,750000;0,00;166;1,834148;1,687500;1,59;73;0,129458;0,093750;4,74;SAT
23757;108,225269;100,203125;0,00;186;2,643931;2,562500;1,65;69;0,124299;0,093750;3,78;SAT
22178;99,500032;93,312500;0,00;145;1,633926;1,312500;1,43;75;0,108549;0,078125;4,43;SAT
24123;105,417271;97,890625;0,00;155;1,949768;1,734375;1,02;63;0,115781;0,093750;4,32;SAT
200;0,755641;0,640625;0,00;173;2,124935;1,765625;1,07;2;0,008908;0,015625;0,00;UNSAT
200;9,418912;8,796875;0,00;164;1,730750;1,453125;0,99;2;0,010288;0,015625;0,05;UNSAT
22844;100,204310;92,578125;0,00;188;1,501272;1,328125;0,85;77;0,114069;0,109375;4,52;SAT
23229;97,423473;90,921875;0,00;164;1,949878;1,828125;1,24;76;0,124408;0,109375;3,98;SAT
200;1,102053;0,890625;7,42;178;1,496451;1,453125;0,00;2;0,006835;0,000000;0,12;UNSAT
200;3,289780;2,796875;0,00;154;2,054419;1,890625;1,52;2;0,009679;0,000000;0,12;UNSAT
200;21,822703;20,109375;0,00;1;0,119699;0,093750;0,53;2;0,009275;0,000000;0,50;UNSAT
21889;97,816769;91,500000;0,00;131;2,037594;1,812500;0,61;71;0,145236;0,125000;4,80;SAT
22933;102,233783;94,968750;0,00;163;1,644646;1,328125;1,03;78;0,124801;0,125000;0,20;SAT
25024;109,707153;101,453125;0,00;186;3,105352;2,656250;2,08;74;0,130783;0,109375;4,86;SAT
200;0,591204;0,484375;0,00;181;1,379770;1,187500;1,16;2;0,009879;0,000000;0,25;UNSAT
24573;109,171723;100,828125;0,00;169;1,790780;1,546875;0,55;66;0,119838;0,109375;4,69;SAT
200;2,433145;2,250000;0,00;183;2,154520;2,062500;1,66;2;0,009816;0,015625;0,06;UNSAT
22259;99,945938;92,546875;0,00;182;2,037786;1,750000;1,57;69;0,119315;0,093750;4,13;SAT
24257;106,709885;98,734375;0,00;171;2,017161;1,703125;0,87;64;0,090697;0,078125;3,66;SAT
21887;98,017332;91,265625;0,00;151;2,373743;1,953125;0,00;73;0,114929;0,093750;5,29;SAT
200;0,220132;0,140625;4,18;144;1,919682;1,718750;0,16;2;0,009336;0,015625;0,00;UNSAT
22269;93,906807;86,437500;0,00;158;2,500442;2,140625;1,10;73;0,127225;0,093750;3,73;SAT
26643;116,598731;107,937500;0,00;161;1,057096;1,015625;0,93;70;0,089367;0,078125;4,29;SAT
200;21,495718;20,031250;0,00;164;1,592103;1,531250;0,98;2;0,012616;0,015625;0,16;UNSAT
22085;96,294841;90,156250;0,00;182;1,710530;1,656250;1,29;69;0,085947;0,078125;4,16;SAT
200;0,055941;0,046875;0,54;10;1,215821;1,078125;0,00;2;0,008830;0,000000;0,62;UNSAT
24371;104,362298;95,765625;0,00;163;1,957379;1,859375;1,08;76;0,123943;0,125000;5,07;SAT
26239;111,658107;103,609375;0,00;164;1,687795;1,515625;0,52;69;0,121893;0,093750;5,27;SAT
200;4,499436;3,875000;0,00;138;1,428579;1,375000;0,89;2;0,012478;0,000000;0,14;UNSAT
200;12,601685;10,890625;0,00;181;2,039438;1,843750;1,74;2;0,012278;0,000000;0,05;UNSAT
22528;101,097348;94,734375;0,00;147;1,862617;1,531250;0,46;82;0,130511;0,109375;0,37;SAT
26417;119,470494;109,968750;0,00;164;1,715593;1,703125;1,21;66;0,108956;0,109375;4,61;SAT
200;0,627503;0,484375;0,00;178;1,745454;1,453125;1,18;2;0,008999;0,015625;0,00;UNSAT
24910;113,167473;104,687500;0,00;183;1,947475;1,843750;1,33;67;0,104632;0,078125;3,98;SAT
26849;122,403807;112,937500;0,25;159;1,535656;1,453125;0,42;72;0,136798;0,125000;5,07;SAT
25995;107,673155;101,437500;0,00;165;1,921476;1,656250;1,07;71;0,118679;0,093750;4,52;SAT
200;16,469004;14,843750;0,00;168;1,486485;1,203125;1,30;2;0,009871;0,015625;0,05;UNSAT
22031;93,347186;87,265625;0,00;161;2,239754;1,890625;0,00;70;0,142188;0,109375;4,73;SAT
200;3,992031;3,312500;0,00;13;1,620371;1,468750;1,29;2;0,006812;0,000000;0,01;UNSAT
200;48,723523;45,484375;0,00;168;1,345723;1,234375;0,81;2;0,010958;0,015625;0,07;UNSAT
22688;97,522190;91,921875;0,00;143;1,897704;1,656250;0,75;68;0,098202;0,093750;4,00;SAT
200;2,992683;2,703125;0,00;176;2,005071;1,796875;1,36;2;0,007069;0,000000;0,00;UNSAT
22838;104,566044;97,843750;0,00;157;1,499572;1,359375;0,21;78;0,115821;0,125000;4,30;SAT
200;1,424473;1,375000;0,00;178;1,635881;1,578125;0,58;2;0,007683;0,015625;0,21;UNSAT
25062;107,919032;101,656250;0,00;177;1,581114;1,390625;1,34;74;0,139252;0,109375;3,57;SAT
25268;109,216827;101,328125;0,00;170;1,763305;1,500000;0,97;74;0,174127;0,109375;5,39;SAT
23523;102,962002;95,546875;0,00;170;1,399286;1,234375;0,94;75;0,130811;0,125000;5,02;SAT
22583;99,220290;91,484375;0,00;157;2,335618;2,234375;1,91;76;0,110323;0,109375;3,87;SAT
26136;114,951167;106,046875;0,00;185;1,745852;1,671875;1,06;70;0,136777;0,109375;5,15;SAT
24773;107,595027;100,640625;0,00;184;1,941326;1,718750;0,91;71;0,124088;0,093750;0,00;SAT
25535;116,490361;107,234375;0,00;166;1,894996;1,593750;1,14;66;0,113032;0,109375;4,38;SAT
24562;110,155151;102,328125;0,00;151;0,541114;0,515625;1,11;75;0,121059;0,125000;3,90;SAT
23754;107,489593;99,656250;0,00;175;0,604450;0,546875;1,43;79;0,127555;0,109375;4,45;SAT
21072;94,019746;88,062500;0,00;183;1,577991;1,515625;1,25;70;0,101028;0,093750;3,95;SAT
200;0,547886;0,468750;0,00;189;1,930000;1,812500;1,49;2;0,008391;0,000000;0,09;UNSAT
200;3,881102;3,765625;0,00;1;0,120052;0,109375;0,00;2;0,010534;0,000000;0,50;UNSAT
200;4,792094;4,625000;0,00;180;2,065634;2,062500;0,82;2;0,007091;0,000000;0,00;UNSAT
26803;119,805812;108,625000;0,00;165;1,841779;1,562500;1,08;63;0,132699;0,078125;4,66;SAT
24386;107,276590;98,609375;0,00;153;1,635414;1,531250;1,17;73;0,111714;0,093750;4,47;SAT
21615;97,161459;89,218750;0,00;161;2,395507;2,031250;1,23;69;0,122103;0,093750;4,39;SAT
25148;110,097857;102,531250;0,00;137;1,478286;1,281250;0,46;70;0,115407;0,093750;4,63;SAT
22461;94,841800;88,359375;0,00;171;1,701169;1,625000;1,11;76;0,117181;0,093750;4,33;SAT
24281;105,154409;98,437500;0,00;144;2,495673;2,125000;0,82;78;0,152883;0,140625;5,69;SAT
28487;120,322769;111,453125;0,00;153;1,668468;1,468750;0,69;74;0,129801;0,125000;5,36;SAT
24056;101,823107;95,140625;0,00;173;2,248801;1,890625;0,67;73;0,120993;0,109375;4,03;SAT
25157;115,407230;106,343750;0,00;178;1,575344;1,375000;0,92;71;0,117248;0,109375;5,18;SAT
200;3,025284;2,812500;0,00;164;1,781295;1,484375;1,28;2;0,008039;0,000000;0,01;UNSAT
24592;110,261696;100,359375;0,00;177;1,509282;1,437500;0,95;75;0,109617;0,093750;4,54;SAT
200;0,982319;0,859375;0,04;193;1,910213;1,812500;0,14;2;0,009986;0,000000;0,01;UNSAT
24561;108,867162;100,328125;0,00;174;1,955199;1,781250;1,02;78;0,122766;0,078125;5,71;SAT
24650;107,592147;98,046875;0,00;144;1,778178;1,500000;0,64;71;0,168444;0,140625;4,64;SAT
23546;102,873379;94,343750;0,00;192;1,378900;1,078125;0,83;71;0,122440;0,093750;4,88;SAT
24442;109,972287;101,640625;0,00;162;2,020313;1,765625;1,17;77;0,153271;0,125000;4,57;SAT
19993;82,976532;75,515625;0,00;194;2,019130;1,718750;1,11;76;0,134665;0,125000;4,96;SAT
200;3,681627;3,281250;0,00;5;0,580107;0,531250;0,87;2;0,013342;0,015625;0,32;UNSAT
200;0,622470;0,609375;0,00;168;1,728176;1,531250;0,86;2;0,012764;0,000000;0,09;UNSAT
24420;108,373354;98,015625;0,00;165;2,010760;1,875000;1,24;66;0,125347;0,109375;4,62;SAT
25713;116,211860;105,828125;0,00;154;1,494226;1,375000;0,11;71;0,111812;0,109375;5,08;SAT
200;6,992519;6,343750;0,00;177;1,411983;1,218750;1,06;2;0,008446;0,000000;0,37;UNSAT
23920;105,938819;97,328125;0,00;168;1,869019;1,765625;0,52;73;0,120027;0,093750;4,75;SAT
23921;107,996875;97,781250;0,00;163;2,276623;2,234375;0,79;73;0,134299;0,093750;4,77;SAT
200;0,136041;0,109375;0,59;168;1,737419;1,515625;0,02;2;0,010079;0,000000;0,00;UNSAT
200;11,441277;10,578125;0,00;124;1,602975;1,484375;1,09;2;0,006376;0,000000;0,20;UNSAT
200;1,955530;1,812500;0,00;155;1,425302;1,390625;0,84;2;0,008867;0,000000;0,30;UNSAT
26314;117,548953;106,812500;0,23;159;2,060497;1,687500;0,59;65;0,122920;0,093750;4,35;SAT
21239;95,713288;88,046875;0,00;154;2,145916;2,062500;1,15;79;0,116384;0,109375;3,37;SAT
25423;108,013403;100,734375;0,00;144;1,967051;1,609375;1,20;67;0,140501;0,078125;5,08;SAT
200;65,741077;60,531250;0,00;187;2,221209;2,046875;0,50;2;0,018250;0,015625;0,00;UNSAT
200;0,782205;0,671875;0,00;152;1,655199;1,437500;0,22;2;0,015797;0,000000;0,21;UNSAT
22631;103,808320;94,062500;0,00;169;1,395019;1,375000;1,20;74;0,088287;0,078125;4,51;SAT
26129;108,974704;100,312500;0,00;195;1,942182;1,640625;1,54;82;0,098345;0,093750;4,53;SAT
21750;96,290787;88,703125;0,00;173;1,920365;1,859375;1,82;72;0,135462;0,109375;3,81;SAT
24169;103,099236;95,203125;0,00;132;1,444838;1,296875;1,40;74;0,109119;0,078125;5,05;SAT
200;7,973145;7,359375;0,00;3;0,381629;0,328125;0,71;2;0,013085;0,015625;0,50;UNSAT
24049;103,502078;95,312500;0,00;176;1,650715;1,546875;0,88;68;0,100927;0,093750;4,59;SAT
21092;87,566936;81,531250;0,00;174;1,214845;1,000000;0,44;74;0,125968;0,093750;4,74;SAT
22963;100,329130;92,546875;0,00;178;1,597038;1,500000;0,63;75;0,112611;0,093750;4,05;SAT
21868;95,257727;87,765625;0,00;161;1,475415;1,390625;1,33;80;0,112001;0,109375;5,00;SAT
24517;106,966534;98,281250;0,00;153;1,931542;1,687500;1,42;66;0,132146;0,093750;4,92;SAT
22904;101,336521;92,765625;0,00;175;2,211007;2,078125;0,79;77;0,111124;0,093750;4,19;SAT
24109;106,636433;97,812500;0,00;167;1,783302;1,640625;1,11;71;0,114629;0,109375;4,73;SAT
22553;99,850922;91,781250;0,00;171;1,591676;1,421875;1,13;76;0,129937;0,140625;4,12;SAT
200;5,946244;5,531250;23,19;173;1,877291;1,703125;0,00;2;0,008720;0,015625;0,00;UNSAT
23865;101,746498;93,734375;0,00;129;1,560361;1,500000;1,29;79;0,129909;0,109375;5,23;SAT
200;27,248703;25,359375;0,00;162;1,857711;1,765625;1,23;2;0,006903;0,000000;0,01;UNSAT
20256;90,153967;83,546875;0,00;173;1,918302;1,765625;1,33;83;0,114782;0,125000;4,09;SAT
23158;99,265898;92,687500;0,00;183;1,730940;1,421875;0,98;73;0,126889;0,109375;4,48;SAT
200;0,044874;0,031250;1,20;169;2,335283;2,093750;0,01;2;0,012196;0,015625;0,00;UNSAT
21889;93,597479;88,937500;0,00;162;2,031298;1,781250;1,58;72;0,107706;0,109375;3,77;SAT
25829;113,496442;106,937500;0,00;144;1,384631;1,281250;1,00;67;0,123067;0,078125;4,20;SAT
200;1,970790;1,859375;0,00;174;2,010179;1,890625;1,37;2;0,009102;0,000000;0,02;UNSAT
21953;100,254863;93,750000;0,00;179;2,126146;1,843750;1,21;78;0,138596;0,109375;3,59;SAT
24553;107,118279;100,625000;0,00;189;2,214673;2,046875;0,83;75;0,126378;0,125000;4,27;SAT
24655;109,071898;101,609375;0,00;119;2,151964;1,843750;1,92;70;0,101357;0,109375;3,54;SAT
200;1,005622;0,859375;0,00;193;2,100193;1,843750;0,93;2;0,008977;0,000000;0,00;UNSAT
21796;94,147862;88,078125;0,00;166;2,381131;2,031250;1,37;74;0,117060;0,093750;3,68;SAT
21799;94,040789;88,203125;0,00;167;1,905197;1,593750;1,26;76;0,132950;0,109375;0,00;SAT
23368;99,904012;93,562500;0,00;157;1,917615;1,750000;1,49;69;0,109918;0,093750;4,05;SAT
21966;95,891147;88,531250;0,00;150;2,332083;2,203125;1,82;67;0,065090;0,078125;3,66;SAT
23386;103,129682;94,718750;0,00;172;1,779144;1,640625;0,85;76;0,090362;0,078125;4,71;SAT
22895;103,009285;95,937500;0,00;187;2,406689;2,015625;1,14;75;0,139589;0,093750;0,00;SAT
23040;101,976290;94,359375;0,00;160;1,826753;1,703125;0,23;73;0,135442;0,125000;5,45;SAT
25727;115,203907;105,921875;0,00;161;1,824536;1,656250;1,43;71;0,136312;0,093750;4,02;SAT
22569;98,896516;90,078125;0,00;168;1,722597;1,656250;1,22;74;0,109048;0,093750;4,42;SAT
21323;94,250019;85,609375;0,00;148;3,746949;3,421875;2,50;79;0,091934;0,062500;3,57;SAT
200;0,332574;0,265625;0,00;146;1,371587;1,171875;0,84;2;0,009244;0,015625;0,25;UNSAT
21862;95,086293;88,859375;0,00;161;1,912421;1,734375;0,85;81;0,113105;0,109375;4,38;SAT
200;0,330767;0,328125;1,17;168;2,754103;2,203125;0,06;2;0,007842;0,015625;0,00;UNSAT
24318;107,721530;99,468750;0,00;177;1,844445;1,734375;0,22;65;0,098469;0,093750;3,45;SAT
200;3,400462;3,203125;0,00;185;1,806686;1,562500;1,05;2;0,014155;0,000000;0,07;UNSAT
22799;103,092492;94,265625;0,00;172;2,568830;2,250000;1,33;76;0,109012;0,093750;4,14;SAT
25590;112,753928;104,296875;0,00;169;2,073853;1,937500;0,91;75;0,117614;0,093750;4,73;SAT
200;0,484381;0,328125;1,66;179;1,882432;1,703125;0,02;2;0,013163;0,000000;0,00;UNSAT
21999;90,971999;85,546875;0,00;170;1,707379;1,468750;0,60;75;0,113063;0,093750;4,71;SAT
23132;97,979157;92,000000;0,00;192;1,688586;1,625000;0,89;72;0,121089;0,109375;4,50;SAT
200;60,935852;56,375000;0,00;176;1,944315;1,734375;0,82;2;0,016392;0,015625;0,05;UNSAT
25030;111,597296;104,453125;0,00;184;2,048925;1,734375;1,34;68;0,143715;0,093750;4,83;SAT
200;7,402644;6,437500;23,41;179;1,452365;1,312500;0,15;2;0,014448;0,000000;0,00;UNSAT
22984;100,662849;93,218750;0,00;173;1,556845;1,312500;0,06;64;0,130156;0,109375;4,09;SAT
20411;87,839049;81,937500;0,00;175;2,352802;2,140625;1,75;77;0,093238;0,078125;3,42;SAT
22931;100,979543;94,078125;0,00;126;2,510204;2,015625;1,36;68;0,120054;0,078125;4,22;SAT
22885;99,556565;94,140625;0,00;190;2,316818;1,859375;0,98;72;0,117073;0,078125;4,25;SAT
28020;121,159735;113,421875;0,00;175;1,686527;1,406250;0,91;66;0,133422;0,125000;4,89;SAT
22915;98,496253;91,078125;0,00;140;1,273873;1,218750;0,37;69;0,118767;0,093750;3,93;SAT
200;51,090463;47,281250;0,00;155;1,959663;1,593750;1,16;2;0,008058;0,015625;0,04;UNSAT
22004;89,298632;83,953125;0,00;154;2,308866;2,203125;0,88;77;0,116474;0,109375;4,81;SAT
200;5,063295;4,828125;0,00;182;2,142198;2,031250;1,45;2;0,015638;0,000000;0,00;UNSAT
23706;98,285180;92,125000;0,00;128;1,781937;1,562500;1,05;67;0,123207;0,093750;3,69;SAT
200;0,457081;0,421875;0,00;175;1,689654;1,593750;1,11;2;0,029213;0,000000;0,00;UNSAT
200;0,198766;0,156250;0,17;185;1,424071;1,250000;0,04;2;0,019948;0,000000;0,00;UNSAT
19740;83,487880;78,125000;0,00;169;2,066478;1,812500;1,36;69;0,120635;0,125000;3,41;SAT
23481;104,132469;97,593750;0,00;148;1,584733;1,562500;0,40;67;0,106679;0,093750;3,99;SAT
21493;91,302539;84,937500;0,00;149;2,533144;2,500000;1,86;75;0,117042;0,093750;3,94;SAT
200;6,529390;5,796875;0,00;172;1,632549;1,500000;0,41;2;0,008681;0,000000;0,01;UNSAT
23293;102,719808;96,093750;0,00;193;1,584499;1,484375;1,13;70;0,107923;0,093750;3,70;SAT
23024;100,928034;94,781250;0,00;160;1,903988;1,796875;0,81;78;0,128303;0,109375;5,11;SAT
200;5,689637;5,500000;0,00;145;2,080639;1,796875;1,11;2;0,012687;0,000000;0,01;UNSAT
21540;94,493392;89,078125;0,00;194;1,922711;1,843750;1,58;84;0,118057;0,109375;4,64;SAT
23822;102,226649;96,484375;0,00;158;1,928374;1,609375;1,05;69;0,130847;0,093750;4,62;SAT
22444;94,944595;87,828125;27,88;181;2,056538;1,828125;0,02;72;0,097080;0,062500;0,05;SAT
21717;91,187213;85,812500;0,00;159;1,826907;1,609375;0,88;79;0,125481;0,109375;4,34;SAT
21882;95,712622;88,859375;0,00;181;2,516987;2,281250;1,60;70;0,114556;0,078125;3,77;SAT
20537;90,669836;83,656250;0,00;171;2,573801;2,359375;1,47;71;0,119944;0,093750;3,61;SAT
200;0,209081;0,156250;0,42;174;1,744402;1,640625;0,00;2;0,007946;0,000000;0,00;UNSAT
200;37,555223;35,093750;0,00;143;1,531901;1,453125;0,00;2;0,007588;0,015625;0,20;UNSAT
200;3,703289;3,453125;0,00;167;1,975932;1,656250;0,30;2;0,007951;0,015625;0,00;UNSAT
24359;105,243050;98,656250;0,19;179;1,461688;1,343750;0,84;73;0,120299;0,109375;4,24;SAT
21385;97,435546;90,625000;0,00;148;2,371396;2,171875;2,12;71;0,113044;0,125000;2,69;SAT
200;59,686633;55,656250;0,00;11;1,100624;1,015625;1,02;2;0,018986;0,000000;0,20;UNSAT
24337;108,599533;100,062500;0,00;158;1,846944;1,640625;1,32;71;0,104303;0,093750;4,48;SAT
23458;103,094431;95,218750;0,00;128;1,884003;1,734375;1,30;78;0,134097;0,125000;5,68;SAT
200;9,239333;8,765625;0,00;6;0,464019;0,453125;0,78;2;0,008909;0,000000;0,34;UNSAT
23725;105,178620;96,531250;0,00;146;1,773333;1,468750;0,31;73;0,143194;0,093750;4,95;SAT
200;26,029559;24,062500;0,00;171;1,287171;1,218750;0,95;2;0,013680;0,000000;0,27;UNSAT
23360;104,247833;96,265625;0,00;168;2,030171;1,718750;0,00;75;0,133595;0,093750;4,67;SAT
200;1,519181;1,296875;10,65;5;0,698506;0,578125;0,00;2;0,013455;0,015625;0,00;UNSAT
200;0,629076;0,500000;0,00;185;1,798869;1,500000;0,12;2;0,011667;0,000000;0,18;UNSAT
22870;98,705431;91,375000;0,00;154;1,947706;1,656250;1,09;68;0,128170;0,093750;4,28;SAT
21641;97,148299;91,046875;0,04;146;1,769105;1,484375;0,01;76;0,149201;0,125000;4,57;SAT
23279;96,392628;90,265625;0,00;159;1,797315;1,515625;1,29;76;0,130135;0,109375;4,37;SAT
22663;100,294088;92,343750;0,00;136;2,112014;1,984375;1,16;75;0,124778;0,109375;4,14;SAT
200;32,295578;30,734375;31,66;189;1,561597;1,343750;0,21;2;0,011315;0,000000;0,00;UNSAT
23495;104,287609;96,390625;0,00;167;1,686121;1,640625;0,97;67;0,108464;0,078125;4,54;SAT
22172;100,337291;91,609375;0,00;168;1,721215;1,640625;1,39;74;0,126338;0,109375;4,04;SAT
22081;95,275624;88,000000;0,00;192;1,501112;1,421875;1,08;81;0,109456;0,109375;4,60;SAT
22439;98,420087;91,390625;0,00;159;1,959183;1,906250;1,15;69;0,109436;0,109375;3,93;SAT
24545;107,494989;98,656250;0,00;166;2,540425;1,953125;1,86;72;0,145628;0,125000;4,42;SAT
22966;103,711684;94,546875;0,00;162;1,379544;1,359375;1,05;65;0,088508;0,093750;3,95;SAT
20138;89,998935;81,875000;0,00;175;2,182801;1,859375;1,79;74;0,113019;0,109375;4,34;SAT
24312;110,836651;101,828125;0,00;135;1,679289;1,531250;0,98;77;0,129365;0,109375;0,07;SAT
27540;119,852332;111,203125;0,00;154;1,737689;1,562500;1,16;73;0,100087;0,109375;4,27;SAT
26268;112,947184;104,859375;0,00;137;1,676805;1,484375;0,99;66;0,130377;0,125000;4,82;SAT
22550;104,141465;95,218750;0,00;151;1,804163;1,609375;1,14;74;0,113160;0,109375;3,88;SAT
200;9,205273;8,578125;0,00;137;1,395065;1,343750;1,03;2;0,010292;0,000000;0,11;UNSAT
24746;105,821214;97,765625;0,00;129;1,949641;1,687500;1,07;74;0,126341;0,109375;4,39;SAT
26491;117,656684;109,000000;0,00;142;1,818656;1,812500;1,16;71;0,119462;0,125000;0,00;SAT
27529;118,633447;109,468750;0,00;131;1,400305;1,375000;0,48;64;0,095408;0,093750;4,31;SAT
22050;98,881337;90,640625;0,00;140;1,834377;1,671875;1,50;75;0,106277;0,109375;4,03;SAT
22420;101,224014;92,812500;29,44;159;1,464223;1,437500;0,00;74;0,092650;0,093750;0,27;SAT
27461;108,528168;104,015625;0,00;171;1,003024;0,937500;0,22;66;0,092470;0,078125;5,49;SAT
26232;102,255415;97,937500;0,00;146;1,147502;1,125000;0,99;70;0,080557;0,078125;5,09;SAT
23178;92,267455;87,765625;0,00;157;1,367109;1,375000;0,93;73;0,120514;0,078125;4,91;SAT
26457;97,532777;94,500000;0,00;175;1,098588;1,093750;1,21;67;0,060327;0,046875;4,51;SAT
200;6,754532;6,218750;0,00;9;0,956911;0,875000;0,88;2;0,009678;0,000000;0,19;UNSAT
200;7,107684;6,812500;0,00;152;2,011062;1,921875;1,81;2;0,010419;0,015625;0,13;UNSAT
200;5,163705;4,828125;0,00;168;1,824872;1,687500;1,12;2;0,009614;0,015625;0,00;UNSAT
22772;85,923166;83,828125;25,74;178;0,911394;0,875000;0,00;78;0,064301;0,062500;0,21;SAT
21987;80,249275;77,703125;0,00;184;1,106967;1,109375;0,00;87;0,081934;0,078125;5,20;SAT
200;6,378116;5,625000;0,00;175;1,739670;1,625000;0,29;2;0,009589;0,000000;0,02;UNSAT
18680;60,527847;59,406250;0,00;197;1,514775;1,484375;1,67;83;0,070093;0,078125;3,09;SAT
